"V2","V30","V23","V15","V4","V8","V33","V3","V26","V29","V7","V6","V16","V5","V19","V13","V17","V10","V34"
0.99539,0.42267,-0.47357,-0.38223,0.85243,1,-0.453,-0.05889,0.41078,-0.3409,-0.37708,0.83398,0.84356,0.02306,-0.32192,-0.44945,-0.38542,0.85243,1
1,-0.16626,-0.35734,-0.97515,0.93035,1,-0.02447,-0.18829,-0.20468,-0.11593,-0.93597,-0.10868,0.05499,-0.36156,-1,-0.69707,-0.62237,0.50874,2
1,0.60436,-0.12062,0.00299,1,0.88965,-0.38238,-0.03365,0.58984,-0.17365,-0.12062,1,0.83775,0.00485,-0.0854,0.00827,-0.13644,0.73082,1
1,0.25682,0,0.14516,1,0,1,-0.45161,0.51613,-0.20099,-1,0.71216,0.54094,1,-0.54467,0,-0.3933,0,2
1,-0.05707,-0.52879,-0.27457,0.9414,0.77152,-0.65697,-0.02401,0.1329,-0.62197,-0.23255,0.92106,0.5294,0.06531,-0.17813,-0.00712,-0.2178,0.52798,1
0.02337,0,0.00888,-0.1554,-0.09924,0.14706,0.12011,-0.00592,-0.0324,0.00732,-0.11824,-0.00763,-0.00343,-0.11949,-0.05414,0,-0.10196,0.03786,2
0.97588,-0.04262,-0.79753,-0.61436,0.94601,0.85996,-0.80975,-0.10602,0.13659,-0.82395,-0.2835,0.92806,0.57945,-0.208,-0.73641,-0.50764,-0.68086,0.79766,1
0,1,0,0,0,0,0,0,1,0,-1,1,1,0,-1,0,1,-1,2
0.96355,0.45114,-0.64225,-0.46381,1,1,-0.7342,-0.07198,0.57577,-0.63919,-0.21313,1,0.98305,-0.14333,-0.6602,-0.40668,-0.35257,0.9257,1
-0.01864,0.16595,0,0.38602,0,0.1147,0.38065,-0.08459,0.20645,0,0,0,-0.37133,0,0.22115,0,0.15018,-0.45663,2
1,0.30996,-0.80544,-0.59017,1,1,-0.89158,0.06655,0.47211,-0.83675,-0.2732,1,0.8923,-0.18388,-0.70997,-0.51874,-0.66474,1,1
1,1,1,-1,1,1,-1,-0.5421,1,-1,-1,1,1,-1,-0.93599,1,-0.29354,1,2
1,0.68714,-0.5122,-0.34412,1,1,-0.67226,-0.16316,0.76224,-0.68794,-0.15197,0.99999,0.94486,-0.10169,-0.43383,-0.29785,-0.28106,0.94055,1
1,1,0.62349,-0.14767,1,1,-0.18826,-0.86701,1,-0.66494,-0.39896,0.85492,1,0.2228,-1,0.07772,-1,1,2
1,1,0.4175,0.12785,1,1,0.46712,0.0738,1,0.48641,-0.05563,1,1,0.0342,0.27087,0.20328,0.10561,1,1
0.50932,1,0,-0.34265,1,1,0,-0.93996,0.39752,0,-1,-0.0352,-0.37681,0.26708,-1,0,0.03623,0.43685,2
0.99645,0.77122,0.14442,0.05269,1,0.96112,0.12015,0.06468,0.79476,0.15379,0.02498,0.97811,0.88809,-0.01236,0.08631,0.10346,0.1112,0.99274,1
0,-1,1,1,-1,-1,-1,0,1,1,1,1,-1,-1,1,-1,-1,-1,2
0.67065,0.40663,0.22625,0.10976,0.66626,0.08776,0.33036,0.02528,0.46167,0.25306,0.18761,0.57197,0.58373,0.05031,0.41224,0.14285,0.18151,0.63621,1
1,1,0.5625,0,0,1,1,-1,1,-1,0,0,-1,0,1,1,1,1,2
1,0.80448,-0.46866,-0.15616,1,1,-0.45039,-0.00612,0.82681,-0.38231,-0.07649,1,0.92124,-0.09834,-0.34534,-0.39489,-0.31884,1,1
1,-1,0,-1,0,-1,1,1,1,1,0,0,-1,0,1,0,-1,0,2
0.96071,0.5131,-0.05929,0.09831,1,0.90169,-0.00182,0.07088,0.58051,-0.01251,0.09313,1,0.76544,0.04296,-0.05295,-0.06142,0.0028,0.89263,1
-1,-1,0,0,0,-1,0,1,1,1,0,0,1,0,1,0,-1,1,2
1,0.54356,-0.31654,-0.06598,1,1,-0.39487,-0.06182,0.72529,-0.38576,-0.05131,1,0.6917,0.02942,-0.20367,-0.05202,-0.07379,1,1
1,1,-1,-1,1,1,-1,0.5782,1,-1,-1,1,1,-1,-1,-1,-1,1,2
1,0.32984,-0.78547,-0.23433,1,0.94817,-1,-0.08714,0.48136,-0.89674,-0.81779,0.86635,0.81051,-0.17263,-1,-0.31736,-0.6218,0.95473,1
-1,0,0,0,0,1,1,-1,-1,-1,1,-1,1,0,-1,0,-1,0,2
1,0.64358,1,0.70758,1,0.98172,1,0.0838,0.83899,1,-0.13308,1,1,0.17387,0.95099,0.59113,0.82777,1,1
-1,-1,-1,0,1,-1,-1,-1,1,-1,-1,1,1,1,-1,-1,1,1,2
1,1,-0.59661,-0.21975,1,1,-0.84437,-0.14236,0.9882,-0.7582,-0.23656,1,1,-0.16256,-0.46162,-0.26161,-0.38606,1,1
1,1,-1,-1,1,1,1,-1,1,-0.79141,-1,1,1,1,-0.85583,-0.0184,1,1,2
0.88208,0.47075,-0.50085,-0.35924,0.93408,0.88307,-0.58086,-0.14639,0.56804,-0.59854,-0.1645,0.921,0.80681,-0.11057,-0.47022,-0.31463,-0.33632,0.88462,1
0.71253,0.86136,0.05456,-1,0.41287,0.99709,-1,-0.02595,0.93124,-0.21901,-0.09473,0.98019,0.8227,-0.23067,-0.28257,1,-0.17863,1,2
1,1,-0.91338,0.14638,0.72314,1,-0.57758,-0.15899,1,-0.11129,-0.58388,0.83443,1,0.27686,0.2659,-0.12527,0.39337,1,1
0.66161,1,-1,0.73393,1,0.80893,0.34732,-1,1,-0.3625,-0.67321,1,0.17589,1,0.78036,-0.89375,0.70982,1,2
1,0.83777,-0.13565,-0.07917,1,1,-0.20766,0.00433,0.89067,-0.18552,-0.0296,1,0.92561,-0.01209,-0.14327,-0.06544,-0.13665,0.97839,1
1,1,1,0,1,0,0,1,1,1,0,0,-1,-1,1,0,1,-1,2
0.91241,0.70925,0.14222,0.06211,0.94191,0.93582,0.11447,0.04347,0.7355,0.153,0.05345,0.94705,0.88899,0.0228,0.14439,0.12067,0.12722,0.91911,1
1,0.38352,0.16516,0.14137,0.99672,0.61745,1,0.02461,0.48867,0.15436,0.07143,0.97545,0.76929,0.04861,0.41003,0.5364,0.15189,0.91036,2
1,0.11372,0.6884,0.52321,1,0.93051,0.71444,0.06538,0.27712,0.70682,0.26281,1,0.65954,0.20746,0.62999,0.50082,0.60756,0.86773,1
-1,1,1,-1,1,0,0,-1,1,-1,-0.14375,1,-1,1,-1,1,-1,-1,2
0.90932,0.06927,0.55826,0.46086,0.86528,0.55187,0.67739,0.08791,0.18626,0.56101,0.16598,1,0.51067,0.16888,0.12967,0.42739,0.49618,0.70207,1
-0.64286,1,1,-1,1,1,-1,-1,1,-1,-1,1,1,0.82857,-1,-0.37679,0.13839,1,2
0.99025,0.54752,-0.64615,-0.43796,0.99793,0.99374,-0.83245,-0.05785,0.65247,-0.75353,-0.1943,0.98663,0.84922,-0.13009,-0.57075,-0.37965,-0.52064,0.92738,1
0,1,0,0,0,1,0,0,-1,1,0,0,-0.375,0,-1,0,-1,1,2
1,0.77919,-0.37643,-0.25099,1,0.99838,-0.50152,-0.0373,0.83172,-0.42593,-0.11039,0.99601,0.91236,-0.07383,-0.32152,-0.21695,-0.344,0.98941,1
0.94598,-0.09634,0.37361,0.15452,-1,0.69258,0.41913,-0.02685,0.52208,-0.61393,0.35639,-0.36393,0.91921,0.26131,-0.50424,-0.0055,-0.4627,1,2
0.98166,0.76911,-0.18739,-0.1279,0.98103,0.95947,-0.23902,0.00874,0.81813,-0.23864,-0.05699,0.97565,0.94217,-0.03818,-0.192,-0.11102,-0.11583,0.99004,1
0,0,0.35668,-0.22414,1,0.10991,0,0,1,0.81573,0,0,-0.55711,0.51724,0.63147,0,-0.83297,0,2
0.84134,0.84463,-0.1629,-0.57486,0.43644,0.87947,-0.01425,-0.18362,0.93358,-0.32298,-0.00267,0.93421,0.75,0.02919,-0.20104,0.54991,-0.2952,0.81121,1
1,0,-1,-1,1,0,0,1,1,-1,0,0,1,-1,1,1,-1,1,2
1,1,-1,0.72526,1,-0.2697,0.34845,1,1,-1,1,0.9101,-1,1,-0.42052,1,-0.57779,-0.83152,1
-0.67935,-1,-1,-1,-1,0.03515,0.33611,-1,1,-1,0.63317,1,-1,1,1,1,1,-1,2
0.95659,0.83951,-0.29807,-0.19497,0.97487,0.96097,-0.41173,0.08143,0.87244,-0.30619,-0.08484,0.97165,0.9963,-0.05667,-0.35902,-0.16795,-0.32268,0.94717,1
0.08333,-1,-0.46801,1,-1,0.71875,0.61458,-0.20685,1,-0.38914,1,-1,-0.02753,1,-0.42113,-1,0.59152,-0.82143,2
1,0.78479,-0.20081,-0.14522,1,1,-0.22981,-0.02259,0.8728,-0.2237,-0.06682,1,1,-0.04494,-0.17639,-0.12738,0.32407,1,1
-1,0,1,1,1,0,-1,1,1,1,1,-1,-1,-1,-1,-0.1875,-1,1,2
1,0.78324,0.1641,0.11224,0.94525,1,0.31166,0.05812,0.88423,0.22511,0.13231,0.99952,0.90896,0.07418,0.16265,0.14644,0.20119,0.94846,1
0.17188,0,-0.27083,-0.67708,-1,0,0,-1,1,0.67708,0,0,0.80521,1,0.14375,0,0.36146,-1,2
1,0.56791,0.39597,0.28343,1,0.98602,0.50903,0.09771,0.68452,0.46031,0.22574,1,0.85529,0.12197,0.33129,0.24288,0.26721,0.9493,1
0.01667,0,-1,-0.55,0,0,-0.27292,-0.35625,1,0.18854,0,0,0.22813,0,-0.42292,0,0.82813,0,2
1,0.33921,0.6472,0.49225,0.99352,0.91759,0.78685,0.16801,0.43317,0.76147,0.33347,0.94616,0.78473,0.16334,0.56977,0.46899,0.48311,0.91408,1
0.63816,0.20614,1,0.05044,0.20833,0.87719,1,1,1,1,1,1,-0.51535,-1,-0.03289,0.58772,-1,-0.66886,2
1,0.4397,-0.12312,0.00879,1,1,-0.05402,-0.41457,0.9289,-0.27387,0.18593,0.8706,0.97613,0.76131,-0.24497,-0.1608,-0.50126,0.93844,1
0.84783,1,0.26585,0.35507,1,0.66938,0.37409,0.10598,1,-0.01947,-1,1,1,0.3913,-0.43025,0.60598,0.02672,1,2
1,0.94578,0.27376,0.04384,1,1,-0.07329,0.28046,0.96414,0.2336,0.07764,1,0.9575,0.02477,-0.08668,0.05489,-0.24598,0.98762,1
1,0,-1,-1,1,1,-1,-1,1,0.65625,-1,1,1,-1,1,1,1,1,2
1,0.9357,-0.97491,0.40268,0.81309,0.20619,0.03446,0.67784,0.41778,-1,1,0.43019,-0.39046,0.82021,-0.42822,0.77092,-0.58634,-0.43872,1
1,1,1,-1,1,1,-1,1,1,0,-1,1,1,-1,1,1,1,1,2
1,0.74389,0.59457,0.31674,1,1,0.75837,0.03529,0.89502,0.67149,0.26968,1,1,0.18281,0.53846,0.38643,0.65701,1,1
1,0,-1,1,1,1,-1,-1,1,-1,-1,-1,1,1,-1,0,-1,0,2
0.96087,0.13756,0.76197,0.58794,0.9676,0.98044,0.86285,0.0862,0.33401,0.86061,0.27451,0.96026,0.73242,0.19279,0.7314,0.52517,0.69065,0.92867,1
0.69444,0,0,-0.24206,0,0,0,0.38889,0.7619,0,0.69841,-0.32937,0.21032,0,0.78175,0,0.19444,0,2
1,0.47027,0.62758,0.42881,1,1,0.75243,0.0507,0.59417,0.72684,0.19498,1,0.89126,0.10827,0.58801,0.38261,0.50391,1,1
1,0,-1,-1,0,1,-1,1,1,1,-1,1,1,0,1,1,1,1,2
1,0.45312,0.58129,0.39749,1,1,0.62658,0.04078,0.58903,0.60932,0.16159,1,0.81939,0.11982,0.46994,0.37639,0.46059,0.98703,1
1,-1,1,1,1,1,1,1,1,1,1,1,1,-1,1,1,-1,1,2
1,-0.1737,1,0.77128,1,1,1,0.24168,0.38255,1,0.72973,1,1,0.4859,1,1,1,1,1
1,1,1,0,1,-1,1,1,1,1,1,1,0,-1,1,1,0,0,2
1,1,-1,-0.15851,1,1,-0.48252,-0.06604,1,-1,0.09557,1,1,0.62937,-0.61538,-0.40559,0.04895,1,1
1,1,1,-1,1,1,-1,-1,1,-1,1,1,1,1,-1,-1,1,1,2
0.92277,0.02735,0.68343,0.56476,0.92679,0.84111,0.69509,0.07804,0.18765,0.71038,0.24618,0.89702,0.60459,0.16251,0.64924,0.46983,0.642,0.78801,1
0.68198,-0.04585,0.24936,0.38869,0.82332,0.25795,0.04586,-0.17314,-0.04314,0.10349,0.32862,0.46643,0.18681,0.21908,0.36353,0.44523,0.41168,1,2
0.74852,0.59024,-0.18639,0.05178,0.6568,0.85947,0.02959,-0.02811,0.61009,-0.21154,0.02811,0.80621,0.7855,-0.05178,-0.01479,0.0784,-0.27811,0.63462,1
0.39179,0.39118,0.45522,0.6791,0.97464,0.35821,0.12755,-0.06343,0.49309,-0.02612,1,1,0.66791,0.04328,-0.11567,-0.8209,-0.10448,0.54478,2
0.67547,0.86415,-0.14717,-0.02264,0.76981,0.66038,0.00755,0.04528,0.73886,0.02264,0.03774,0.77358,0.76981,-0.10566,-0.07925,-0.13962,0.08679,0.64528,1
0.72727,0.48927,-1,1,0.89241,0.66364,1,-0.05,0.56982,0.08182,0.72727,1,0.50455,0.03462,0.1,0.09559,0.21818,0.48182,2
0.57647,0.45098,0.08235,-0.0549,0.40392,0.4,0.17255,-0.01569,0.48601,0.08235,0.12941,0.38431,0.58039,0,0,0.08235,0.01569,0.56471,1
0.41932,-0.02916,0.36364,0.27322,0.35,-0.03636,-0.06314,0.12482,-0.09971,-1,0.27955,0.23182,0.02727,0.125,0.12727,0.33636,0.40455,0.04517,2
0.88305,0.43026,0.34871,0.25322,1,0.85086,0.54185,-0.21996,0.69811,0.58584,0.19206,0.82403,0.69206,0.36373,0.39056,0.25,0.5794,0.90558,1
0.84557,-0.21354,0.80934,-0.68065,-0.31745,0.80648,-0.59867,-0.0858,0.70882,-0.14109,-0.56435,-0.08961,0.85701,-0.80553,-0.15729,0.63966,-0.11344,0.89514,2
0.7087,0.64348,-0.03845,0.37826,0.64348,0.65217,0.14783,-0.24783,0.4993,-0.04448,0.38261,0.45217,0.38696,0.04348,-0.26087,-0.23043,-0.42609,0.5,1
-0.5418,0.02399,-0.6161,-0.1548,-0.33746,0.31889,-0.08978,0.14861,0.41348,0.11146,-0.13932,0.52012,0.16409,0.73375,0.03406,0.08978,0.45201,0.20743,2
0.29202,0.70798,-0.20883,0.03905,0.45331,0.52632,-0.03226,0.13582,0.50369,0.09847,-0.00509,0.51783,0.81664,0.16808,-0.04244,-0.04754,-0.22411,0.52462,1
0.79157,-1,0.23725,0.1286,0,0.39468,0,0.16851,-0.34146,0.69401,0.06874,0.56541,-0.02661,0,0.84922,0.53215,0.95122,0.38359,2
0.90116,-0.71475,0.53805,0.85038,0.79299,0.59784,-0.19904,0.16607,-0.71844,0.11218,0.50515,0.7299,-0.12611,0.37379,0.79617,0.87493,0.87396,0.44303,1
0.97714,-0.67289,0.33537,0.8429,0.82683,0.47968,-0.497,0.19049,-0.83314,-0.19321,0.58732,0.71771,-0.3202,0.46259,0.79525,0.93945,0.91624,0.31409,1
-1,1,-1,0,0,0.60586,0,-1,-1,-1,-0.78502,0.50814,1,0,-0.63518,0,-0.2671,-1,2
0.74084,0.59759,0.12185,0.08442,0.79074,0.6623,0.15114,0.04974,0.64158,0.17539,0.03793,0.78575,0.70681,0.02543,0,0.07348,-0.07853,0.67801,1
1,1,-1,0,0,0.80882,0,-1,-1,-1,-0.99265,0.77941,0.72059,0,-0.60294,0,-0.77206,-0.41912,2
1,0.96436,-0.19272,-0.15727,0.96215,1,-0.23296,0.01709,0.9649,-0.17123,-0.03436,1,1,-0.03142,-0.11813,-0.09002,-0.14257,0.99026,1
0,0,0,0,0,0,0,0,1,0,0,0,0,0,0,0,0,0,2
0.95704,0.89095,-0.39458,-0.31395,0.63318,0.97026,-0.41573,-0.12095,0.88793,-0.23728,-0.18242,0.96365,0.99273,-0.1269,-0.21018,-0.24719,-0.21216,0.92003,1
0.28409,0.16288,0,0,0,0.30682,0,-0.31818,1,-0.48485,-1,0.68182,0.59091,0,-0.80682,-0.84848,-0.35985,0.64394,2
0.9449,1,-0.26571,-0.15017,1,0.90083,-0.44739,-0.49311,1,-0.36931,-0.87052,0.98898,1,-0.03692,-0.20491,-0.12493,-0.17681,1,1
0,0,0,0,0,0,0,0,1,0,0,0,0.36585,0,-1,0,-0.71951,0.62195,2
0.99449,0.80253,-0.05882,-0.20848,0.84082,0.99061,-0.27794,0.00526,0.87579,-0.16581,-0.16431,0.88237,0.93881,-0.11313,-0.08935,0.02966,-0.12977,0.96484,1
0.10135,0,0,0,0,0.5473,0,0.10811,1,-0.23649,0,0,0.37162,0,-1,0,-1,0.31081,2
1,1,-0.74896,-0.57535,0.9915,1,-0.76112,-0.57224,0.53777,-1,-0.9745,0.89518,1,-0.73371,-0.88952,-0.86402,-0.79603,1,1
0.65909,0,0,0,0,0.77273,0,-0.62879,1,-0.93182,0,0,0.62121,0,-1,0,-0.22727,1,2
0.86284,-0.54866,0.40996,0.86284,0.8092,0.54559,-0.31954,0.1931,-0.63038,-0.07816,0.55785,0.67203,-0.17241,0.41149,0.65747,0.85671,0.75785,0.36705,1
0.42,0,0,0,0,0.9,0,-0.61,1,0,-1,1,0.67,0,-1,0,-0.29,0.43,2
1,-0.51251,0.29162,0.91404,0.91404,0.4766,-0.53319,0.23395,-0.71731,-0.28183,0.72144,0.7802,-0.34168,0.52013,0.64527,0.88248,0.75517,0.27639,1
0.91353,0,0.00019,-0.03403,-0.72973,0.05405,0,0.81586,-1e-05,0,0.55735,-0.39466,0.01108,1,0.00097,-0.0897,-0.00537,-0.18599,2
0.21429,0.16997,-0.11905,-0.04762,0.33333,0.2381,-0.01877,-0.09524,0.22109,0,0.19048,0.19048,0.28571,0.07143,0.04762,-0.04762,-0.11905,0.40476,1
1,0.27869,-0.29508,-0.16393,1,0.65574,-0.06557,-0.14754,0.52385,-0.03279,-0.01639,0.57377,0.19672,0.04918,-0.17176,0,-0.14754,0.85246,2
0.98182,0.60715,0.13493,0.09579,0.88627,0.8,0.17077,0,0.64581,0.02727,0.04572,0.86249,0.62727,0.03131,0.12727,0.08436,0.25455,0.69091,1
0.39286,-0.54891,-0.47594,-0.63668,-0.78824,0.66667,-0.55837,0.52381,0.51971,0.39286,-0.76378,-0.16628,0.46429,0.11342,0.05952,0.30729,0.15476,0.82143,2
0.86889,1,-0.18667,-0.2,1,0.87778,-0.44222,-0.07111,1,-0.14667,-0.06889,1,0.86889,-0.02494,-0.03778,-0.07287,0.05333,0.83556,1
0.43636,0.12727,0.16364,-0.41818,0.58182,0.34545,-0.29091,-0.12727,0.41098,-0.05455,-0.67273,0.18182,0.2,-0.14545,0.05455,0.29091,-0.01818,0.29091,2
1,1,-0.00112,-0.0566,1,0.62264,-0.11321,-0.92453,0.92192,-1,-0.0566,0.49057,0.98878,0.75472,0,0.07547,-0.00085,1,1
0.7381,-0.66667,-0.2619,-0.07143,-0.7619,0.45238,0.02381,0.83333,0.24889,0,-0.14286,0.33333,-0.38214,-0.2381,0.02381,0,0.51163,-0.67285,2
0.4375,0.58333,0.1875,0.02083,0.58333,0.33333,-0.0625,0.04167,0.44012,-0.08333,0,0.39583,0.4375,-0.10417,-0.22917,0.10417,-0.22917,0.47917,1
1,0,0.20301,0.28571,0,0,0,1,1,1,0,0,0.64662,0,0,0.45489,1,0.47744,2
0.95217,0.23405,0.44511,0.37988,0.93614,0.84881,0.37191,0.06595,0.34374,1,0.19152,0.90996,0.66145,0.1303,0.59862,0.34328,0.40844,0.90023,1
0.5984,0.87757,-0.85755,0.88444,0.82809,0.8401,0.68822,0.40332,1,0.42677,0.70709,0.76001,0.95452,0.80521,0.18135,-0.85727,-0.05206,0.97311,2
0.95882,1,-0.05318,-0.05343,1,0.96974,-0.06888,0.10129,0.95677,0.01307,0.02555,0.98313,1,-0.01918,0.01557,-0.03096,-0.05179,0.98955,1
0,0.04447,-1,0.65565,-0.33672,0.68869,0,0,1,0,0,0,0.94155,0.85388,0,-0.59212,0.16391,0.97078,2
0.96933,1,-0.04744,-0.02581,1,0.97868,-0.04112,0.00876,0.99188,-0.02478,-0.00763,0.98658,1,0.00843,0.00025,-0.01271,-0.01175,0.9982,1
0,1,-0.41622,0.07027,0.98919,0,-0.15676,0,1,0,-0.05405,0.18919,1,-0.22703,0,-0.2,-0.11351,0.93243,2
0.64122,0.19512,0.05813,0,0.34146,0.19512,0.07317,0.01403,0.19304,0.05504,0.03466,0.52751,0.36585,-0.02439,0.07317,0.04878,0,0.43313,1
1,1,-0.27778,1,1,0,0,1,1,1,0,0,1,-1,0,-1,-1,1,2
0.34694,-0.34694,0.32653,0.5102,0.46939,0.46939,-0.2449,0.20408,-0.46579,0.18367,0.20408,0.40816,-0.06122,0.2449,0.55102,0.55102,0.55102,0.30612,1
0,1,1,0.23288,1,0,0,0,1,0,0,0,1,-1,0,-0.25342,-1,1,2
0.89706,-0.44118,0.08824,0.82353,0.91176,0.45588,-0.56618,0.38235,-0.67925,-0.42647,0.67647,0.74265,-0.375,0.375,0.47794,0.86029,0.67647,0.19118,1
-1,0.18301,-0.94118,-0.02614,0.22222,-0.30719,-0.48241,0.28105,0.74385,0.05229,-0.70984,-0.75693,-0.98039,0.15033,-0.54248,0.33987,-0.83007,-1,2
0.26667,0.46667,0,-0.06667,0.53333,0.36667,-0.05,-0.1,0.46214,0.03333,-0.13333,0.33333,0.53333,0,-0.01667,0.08333,0.2,0.56667,1
-0.26667,0,0.00102,-0.00166,-0.27303,0.06192,2e-05,0.4,0.00019,5e-05,-0.04444,-0.17778,-0.00093,0.12159,-0.00153,0.02726,-0.00883,0.04461,2
1,0.72973,0.13514,-0.05405,0.64865,0.86486,-0.24324,-0.37838,0.61031,-0.23027,-0.24324,0.64865,0.32432,0.2973,-0.17666,0,-0.21622,1,1
0.94531,-1,0.34766,-0.00391,-1,0.97266,-0.34375,-0.03516,0.82041,-0.06641,-0.01563,-1,0.95313,-0.33203,-0.02734,0.16406,-0.03516,0.93359,2
0.95202,0.95434,-0.0237,-0.00405,0.93757,0.96705,0.00809,0.02254,0.96215,0.01908,0.01214,0.93526,0.9948,-0.01272,0.01792,-0.03064,-0.02659,0.96936,1
1,1,-0.50333,-0.3466,1,0.36111,-0.65935,-0.05529,1,-0.27778,-0.11111,0.5,1,-1,-0.42862,-0.11111,-0.38853,1,2
0.31034,-0.00012,-0.00166,-0.01482,0.24138,0.07405,-6e-05,-0.10345,-0.00025,-0.00024,-0.06897,0.2069,0.00281,-0.10345,-0.00523,-0.02383,-0.00893,0.03649,1
0.62745,0.43137,-0.23529,-0.09804,0.72549,0.62745,-0.27451,-0.07843,0.52409,-0.31373,-0.07843,0.60784,0.54902,0,-0.21569,-0.13725,-0.11765,0.68627,2
0.25,-0.00089,-0.00273,0.06317,0.46667,0.07766,-0.00291,0.16667,-0.00621,-0.0052,0.23966,0.19036,-0.03766,0.26667,0.01532,0.10188,0.03458,0.0107,1
-0.65625,-0.03125,0,0,0.0625,0.625,0.09375,0.15625,0.03125,0.03125,0.0625,0,0.15625,0,-0.375,0.09375,-0.15625,0.1875,2
1,1,0.04324,-0.06486,1,0.95135,-0.07027,-0.01081,0.98556,-0.03243,-0.06486,1,0.95135,-0.02703,-0.00541,0.08649,0.09189,0.98919,1
0.85271,1,-1,1,1,0.91473,1,0.05426,1,0.06977,1,1,0.81395,0.08069,0.11628,0.27153,0.04651,0.83721,2
0.90374,1,-0.01604,0.06417,1,0.93048,0.06417,-0.01604,0.96974,0.0107,0.01604,1,1,0.08021,0.04278,0,0.04813,0.93583,1
-0.205,-0.27104,0.33176,0.21,0.23,0.3225,0.0305,0.2875,0.3219,0.185,0.3175,0.2825,-0.0875,0.1,0.31408,0.275,0.235,0.36285,2
0.6,0.6,0,0,0.63333,0.7,0.16667,0.03333,0.65932,0.13333,0.06667,0.7,0.7,0.06667,0.1,0,0.1,0.63333,1
0.05866,0.04469,-0.00559,-0.03352,0.06704,0.00559,-0.03352,-0.00838,0.10335,-0.00279,-0.01117,0,0,0.00838,0.07542,0.05307,0.09497,0.01676,2
0.94653,0.46059,-0.55089,0.41743,0.72554,0.01267,-0.0598,0.28713,0.16085,-0.41901,0.82455,0.47564,-0.66455,0.67248,-0.19525,0.56079,0.07208,-0.24871,1
0.0546,0.02586,-0.01149,-0.04598,-0.02586,-0.07759,-0.00575,0.01437,0.00862,0.01149,0.04598,0.01437,-0.09483,0.04598,0.05172,0.0431,0.08046,0.01724,2
0.72414,0.82956,0.05517,0.01675,0.79704,0.79015,0.00788,-0.01084,0.78041,-0.05025,0.00197,0.8,0.80099,0.01084,-0.02956,0.03251,-0.00788,0.78424,1
0.03852,-0.02568,-0.02282,-0.03281,0.00428,0.0214,0.01997,0.02568,0.03994,0.00713,-0.01997,0.01997,-0.04708,0,0.03566,-0.02282,-0.02853,-0.0485,2
0.4709,0.24868,-0.38095,0.3254,0.42328,0.01852,0.04233,0.22751,0.03574,-0.21693,0.47619,0.25661,-0.51587,0.33598,-0.1164,0.31217,0.06878,-0.02116,1
0.08696,0.09611,-0.00229,-0.13501,0.13959,0.12586,-0.06865,0.00686,0.08467,-0.06636,-0.08238,0.10526,0.29062,-0.04119,0.07323,0.0778,-0.04805,0.23341,2
0.94333,0.02742,-0.3766,-0.31079,0.48263,-0.55941,0.50457,0.38574,0.60098,0.60512,0.77514,0.21572,-0.38391,0.64534,-0.69287,0,-0.62157,-0.73675,1
0.01975,-0.01693,0,0.06065,0.0409,0.01128,0,0.00705,0.01834,-0.01551,0.01128,0.02116,-0.0409,-0.00846,-0.00423,-0.03103,0.0268,0.00282,2
0.85736,0.73936,0.0224,0.0351,0.81927,0.84317,-0.09186,0.00075,0.82383,-0.06423,-0.04182,0.77521,0.83719,-0.05676,-0.1419,-0.06124,-0.06796,0.86258,1
1,-1,-1,1,1,1,1,-1,1,1,1,-1,1,1,1,-1,1,1,2
0.85209,0.19667,-0.3523,-0.31044,0.38887,-0.42625,0.64933,0.39252,0.71698,0.5831,0.98903,0.08858,-0.6603,0.76432,-0.86063,0.10768,-0.55262,-0.76229,1
1,-0.94375,1,0,1,1,0,1,1,1,-1,0.625,1,0.5125,1,1,-1,0.025,2
1,0.23529,-0.72549,-0.33333,0.62745,-0.4902,0.90196,0.54902,0.92874,0.56863,1,0.01961,-0.64706,1,-0.86275,0.11765,-0.68627,-0.82353,1
0,-1,1,-1,-1,0,1,0,1,0,1,-1,0,-1,0,1,0,-1,2
0.44444,0.22222,-0.22222,-0.22222,0.53695,-0.33333,1,0.44444,0.9212,0.84353,1,-0.22222,-0.66667,0.90763,-1,-0.11111,-0.77778,-1,1
0,0,0,0,0,0,0,0,1,0,0,0,0,0,0,0,0,0,2
1,0.69635,-0.25,0.16228,1,0.75,0.30293,0,0.73944,0.25,0.5,0.5,0.75,0,0.5,0.1421,0.25,0.91201,1
-1,-1,0,-1,1,1,0,1,1,1,0,0,0,1,-1,-1,0,1,2
1,0.88889,-0.11111,0,1,1,0,0,0.90347,0.11111,0.11111,0.66667,0.77778,0,-0.11111,-0.22222,0,0.88889,1
0,1,1,0,0,0,0,0,1,-1,0,0,1,0,0,-1,0.75,0,2
1,1,0.09091,-0.18182,1,1,-0.18182,0.45455,1,0.45455,0.09091,1,1,-0.45455,0,-0.27273,0.09091,1,1
0.62121,0.18182,0.17803,0.31439,0,0.3447,-0.41667,-0.63636,0.25758,0.24242,0,0,-0.53788,0,-0.14773,0.51894,0.32955,0.42803,2
1,1,0.41176,0.47059,1,1,0.23529,0.11765,1,0.05882,0.41176,1,1,0.23529,-0.11765,0.11765,-0.05882,1,1
0,0.74468,-0.70745,-1,-1,0.07979,0.45745,0,-0.19149,-0.48936,0.51064,1,0,-0.62766,-0.07979,-0.59043,0,-1,2
0.91667,0.70833,0.16667,0,0.83333,0.875,0.04167,0.29167,0.83796,0.20833,0.25,0.70833,0.875,-0.16667,0.08333,0.125,0.04167,0.91667,1
0.1859,0.02564,-0.06571,0,0,0,0.19551,-0.16667,0.17308,0.09615,0,0,0,0,0,-0.19071,0,0,2
1,0.24117,-0.74785,-0.4817,1,1,-0.89621,-0.08183,0.48757,-0.83893,-0.29802,0.99246,0.73084,-0.11326,-0.63544,-0.47265,-0.65224,0.96662,1
1,0.35088,-0.16228,0.34649,-1,0.34649,0.07895,1,1,-0.24561,-0.82456,-1,0.72807,1,0.5307,0.05702,-0.03947,0.46053,2
1,0.15657,-0.32681,-0.36078,0.99815,0.89919,-0.46603,0.24077,0.29208,-0.39143,-0.30133,0.80244,0.47194,0.00369,-0.55059,-0.30539,-0.61189,0.70643,1
-1,-1,1,0,1,0,0,1,1,1,0,0,1,-1,0,1,-1,1,2
0.92247,-0.0184,-0.59691,-0.49967,0.96419,0.81702,-0.47898,-0.19448,0.09312,-0.54928,-0.22602,0.87024,0.37254,-0.17674,-0.72109,-0.49639,-0.70729,0.79271,1
-1,0.69792,0,1,-0.50694,1,1,-1,0.33333,-1,-1,1,0,1,1,-1,0,0,2
0.84177,0.31435,-0.66878,-0.25527,0.5,-0.37764,0.69409,0.4346,0.77937,0.42827,0.9346,0.09916,-0.62869,0.7616,-0.85654,0.19409,-0.65612,-0.72363,1
1,-1,-1,0,0,-1,0,1,1,1,-1,1,1,0,1,-1,-1,1,2
1,0,-0.33333,1,1,-0.33333,-0.66667,0.63548,0.19235,-1,1,0.77123,-1,1,-0.66667,1,0,-1,1
-1,1,0,1,-1,-1,0,1,1,-1,0,0,0,-1,-1,-1,0,1,2
1,1,1,0.58986,1,1,1,0.06843,1,0.25,0.22108,1,-0.375,0.14211,0,0.48981,1,1,1
-1,0,1,-1,0,0,0,-1,1,0,0,0,0,0,-1,0,0,0,2
0.64947,-0.04717,-0.26795,-0.18947,0.58264,0.29796,-0.27201,-0.07896,-0.00046,-0.21129,-0.21384,-0.13129,0.20269,-0.1438,-0.29052,-0.31997,-0.29441,0.38096,1
0,-0.125,0.90625,0,0,0,-0.9375,0,0.04167,-1,0,0,0,0,0,0.26042,0,1,2
1,0.22427,0.28476,0.2738,0.99363,0.95513,0.19083,0.05149,0.3293,0.23568,0.14756,0.96142,0.66775,0.10123,0.29304,0.25283,0.28714,0.66026,1
1,-1,-1,1,-1,1,0.72831,-0.09524,1,0.50794,-1,-1,0.47364,-1,1,-1,1,0.81349,2
0.93669,0.78317,-0.03641,0.05097,0.60761,0.93123,-0.14725,-0.0019,0.87293,0.09385,-0.40129,0.92314,0.84628,0.43204,-0.14482,0.08172,-0.25324,0.96197,1
1,-0.75,-1,1,1,1,1,-1,1,-0.75,1,1,0,1,1,1,0,1,2
1,1,0.09242,0.0661,1,1,-0.11717,0.23058,0.96238,0.03885,-0.10401,1,0.95802,-0.78509,-0.15633,-0.06861,-0.18954,1,1
0.36876,-0.00761,0.06895,1,-1,1,0.00325,-1,0.03443,-0.01672,1,-0.07661,0.48684,-1,-0.27461,-0.79313,0.46502,0.74597,2
0.79847,1,0.30804,0.02487,0.80804,0.98151,-0.0574,0.38265,1,0.07908,-0.07653,1,1,-0.16964,0.07717,0.02105,-0.13074,0.70217,1
0,1,-1,1,0,0,0,0,1,1,0,0,1,0,0,1,-1,0,2
1,0.16604,-0.87327,-0.58899,1,1,-0.7,-0.28428,0.35504,-0.78239,-0.35094,0.94623,0.69748,-0.25346,-0.57579,-0.44119,-0.58019,0.92736,1
0,0,-1,0,0,-0.85,0,0,-1,-1,0,0,-1,0,-1,-1,-1,0,2
1,0.86364,0.09091,-0.04545,0.95455,1,0.04545,0.09091,0.91541,0.09091,0,0.77273,1,-0.09091,0,0.04545,0,0.95455,1
0,1,0,-0.3125,-1,-1,0,0,-1,0,1,1,-1,1,-1,-1,-1,0,2
0.91176,0.97059,0.02941,0.02941,0.97059,0.91176,0.05882,-0.08824,0.92663,-0.11765,0.08824,0.82353,1,0.17647,0,0.14706,0,0.97059,1
-1,-1,-1,-0.23476,-1,-1,1,1,-1,-1,1,0.28354,0.28301,0.15244,1,1,-1,-1,2
0.47368,0.6015,0.08141,0.05756,0.83781,0.68421,0.09719,-0.10526,0.65419,-0.21053,0.02615,0.83155,0.84211,0.01756,0.05263,0.05028,0.47368,0.68421,1
-0.00641,0,-0.80769,0,0,0,0,-0.5,-0.61538,0,1,-0.01923,0,0,0.92949,0,0,0,2
1,1,0.0775,0.27273,1,1,0.27273,0.45455,1,0.36364,0.63636,0.81818,1,0.54545,-0.27273,-0.45455,-0.63636,1,1
-1,1,-1,0,1,0,0,-1,1,0,1,-1,0,-1,0,-1,0,1,2
0.45455,0.36364,0.18182,-0.01343,0.63636,0.63636,-0.01832,0.09091,0.34442,0,0.18182,0.27273,0.63636,0.09091,0,-0.09091,-0.18182,0.36364,1
-1,0,0,0,0,-0.87097,0,-0.59677,1,0,0.64516,-1,0,0,0,0,0,0,2
1,1,0,0,1,1,0,0.14286,1,0.05182,0.71429,1,0.42857,0.71429,0.03617,0.02534,-0.14286,0.85714,1
1,1,1,1,1,1,1,1,1,1,1,1,1,-1,-1,-1,-1,1,2
0.87032,0.25974,-0.5743,-0.24942,0.53945,-0.38033,0.57552,0.46972,0.69097,0.39762,0.95275,0.1038,-0.59383,0.82161,-0.82881,0.16731,-0.63342,-0.73939,1
1,1,-1,-1,1,1,-1,-1,1,1,-1,1,1,1,1,-1,1,1,2
0.92657,0.14312,0.55684,0.4836,0.89266,0.83675,0.46571,0.04174,0.26978,0.53448,0.19791,0.86098,0.60101,0.15766,0.5218,0.40552,0.51752,0.80619,1
1,-1,1,0,1,1,0,1,1,0,-1,1,0,-1,0,-1,0,0,2
0.93537,-0.38532,0.88869,0.73586,0.93716,0.79039,0.55835,0.13645,-0.20995,0.71454,0.38779,0.85705,0.41629,0.25359,0.85952,0.75,0.82742,0.72352,1
1,-1,-1,-1,-1,1,1,-1,1,-1,1,-1,1,1,-1,-1,1,1,2
0.80627,-0.26634,0.44424,0.37115,0.73061,0.36923,0.31154,0.13069,-0.1994,0.29541,0.19038,0.64615,0.15215,0.24323,0.575,0.57308,0.51877,0.44793,1
1,1,-1,-1,1,1,1,-1,1,1,-1,1,1,1,1,1,-1,1,2
0.97467,-0.02962,0.75622,0.5882,0.9412,0.89009,0.74242,0.13082,0.16813,0.80439,0.32248,0.88783,0.58548,0.20036,0.70398,0.52284,0.66893,0.8555,1
0,-1,0,0,1,1,0,0,1,0,0,0,0,1,0,-1,0,0,2
0.92308,-0.53146,0.71327,0.67697,0.86399,0.70588,0.35095,0.15451,-0.38798,0.50131,0.3679,0.72582,0.19128,0.29757,0.76171,0.74676,0.76818,0.57449,1
0,-1,1,0,1,0,0,0,1,0,1,1,-1,1,0,-1,-1,0,2
0.88804,0.47029,-0.64338,0.26906,0.65926,-0.06726,0.12556,0.38138,0.30406,-0.29838,0.87892,0.29148,-0.7894,0.69431,-0.30942,0.56502,-0.08205,-0.39597,1
1,1,-1,1,1,1,1,-1,1,-1,1,1,1,1,-1,-1,1,1,2
0.73523,0.3507,0.44872,0.32925,0.80151,0.5558,0.49831,-0.38293,0.44174,1,0.15266,0.78826,0.49672,0.10278,-0.02845,0.28954,0.17287,1,1
0,0,0,0,0,0,0,0,1,0,0,0,0,0,0,0,0,0,2
0.94649,0.97845,0.07098,0.01858,0.97287,0.95801,-0.0026,0.00892,0.95243,0.00818,0.00372,0.98922,0.94277,-0.0026,-0.00706,0.04719,0.07135,0.94054,1
1,-1,1,0,-1,0,-1,1,1,0,-1,-1,0,-1,0,-1,0,0,2
0.50466,0.56466,0.07381,0.05058,0.71442,0.68065,0.09346,-0.169,0.59935,0.0676,0.02258,0.71063,0.67023,0.01513,-0.04662,0.04393,0.05692,0.34615,1
0.68729,1,0.77425,0.13712,0.91973,0.76087,0.23913,1,0.89262,0.53846,0.04348,0.81773,0.93478,-0.76087,0.18729,0.18227,-0.25084,0.86789,2
0.76296,0.87492,0.22037,-0.83519,1,0.8,-0.57037,-0.07778,0.92148,0.02037,-0.85741,1,0.49259,-0.2963,-0.05926,-0.12581,0.01852,0.45556,1
0.38521,-0.09339,0.29961,0.22957,0.41245,0.23346,0.28794,0.15564,-0.06024,0.14786,0.24125,0.26459,-0.03891,0.07393,0.24903,0.36965,0.36965,0.19455,2
0.5754,0.68849,0.0377,0.0119,0.75198,0.53968,-0.03175,-0.03175,0.61291,-0.13492,-0.0119,0.61508,0.70833,-0.05357,0.01587,-0.02381,0.02579,0.61706,1
0.06404,0.04433,0.02956,0,-0.04433,-0.01478,-0.10837,-0.15271,0.28079,-0.0936,-0.02463,0.08374,0.0197,0.05911,-0.2069,-0.09852,-0.02956,0.06404,2
0.61857,0.78859,0.11745,0.066,0.70694,0.74273,-0.04698,0.1085,0.69845,0.0481,0.01678,0.70358,0.83669,-0.06935,-0.0906,-0.00224,-0.16555,0.71029,1
0.25316,0.06329,0.33671,0,0,0,0,0.35949,0.0557,0,-1,-0.2962,0,0,0,0,0,0.07595,2
0.88103,0.88424,-0.12433,-0.13719,0.89818,0.89175,-0.16827,-0.00857,0.88245,-0.12862,-0.01822,0.94105,0.87138,-0.02465,-0.02358,0.01179,-0.06109,0.82208,1
0.42708,0,0,0,0,0.46458,0,-0.5,-1,-0.75625,0,0,0.16458,0,-0.18333,0,-0.45417,0.58958,2
0.88853,0.83524,-0.11909,-0.08918,0.92007,0.89179,-0.12235,0.01631,0.86453,-0.13051,0.01359,0.92442,0.86025,0.01305,-0.04024,-0.01033,-0.05057,0.90103,1
0,1,-0.18667,-0.05333,1,0,-0.09556,0,1,0,-0.02,0.88444,1,0.12889,0,0.19556,-0.81556,1,2
0.81143,0.81429,-0.05,0.00286,0.85143,0.79571,-0.15143,0.03714,0.81598,-0.10429,0.00714,0.79,0.82857,-0.00143,-0.11857,-0.06714,-0.05429,0.87571,1
0,0,0,0.55172,0,0,0,0,1,0,0,0,0,0,0,1,0,0,2
0.4987,0.54545,-0.01039,-0.03636,0.43117,0.5013,-0.08571,0.01818,0.53215,0.03377,-0.04156,0.50649,0.52727,-0.0961,-0.01039,-0.11948,-0.05974,0.44675,1
0,0,0,0,0,0,0,0,1,0,0,0,0,0,0,0,0,0,2
1,0.02224,-0.12964,0.37856,1,0.16851,-0.02017,0.5,-0.02089,-0.07036,1,0.25,-0.43663,0.25,0.00678,0.60793,0.16709,-0.13336,1
0,0,-1,0,0,-1,1,0,1,0,1,1,0,0,1,-0.11111,0,0,2
0.87048,0.56239,-0.70762,0.22735,0.64099,-0.03933,0.16645,0.38027,0.38544,-0.29897,0.86625,0.31347,-0.81136,0.69212,-0.38102,0.5156,-0.12539,-0.42173,1
0,0,-1,-0.12,0,-1,0,0,1,0,0,0,0,0,-1,0.37333,0,0,2
0.88179,0.58137,-0.7757,-0.05338,0.59573,-0.24103,0.57656,0.43491,0.72147,0.09599,0.94537,0.19672,-0.77356,0.77655,-0.73285,0.33652,-0.44707,-0.62526,1
0.32834,0.15078,-0.22786,-0.05409,0.15236,-0.25706,0.20468,0.0252,0.33737,-0.11409,0.74003,0.14919,-0.13117,0.21278,-0.44615,0.25786,-0.14329,-0.10312,1
0.83427,0.37542,-0.72454,-0.24164,0.5404,-0.33221,0.79444,0.39121,0.83008,0.49079,0.89402,0.12326,-0.59714,0.78579,-0.87787,0.21909,-0.61894,-0.70086,1
0.62335,0.61733,0.03129,-0.08424,0.59085,0.63177,-0.09146,-0.0349,0.60463,0.04452,-0.07461,0.60409,0.67509,0.00481,0,0.0722,0.09146,0.62455,1
0.74449,0.55916,-0.25,0.21691,0.70772,0.79228,0.21691,-0.0239,0.61727,0.0864,0.16912,0.72243,1,0.03309,0.05147,0.00551,0.06066,0.81434,1
0.61538,0.53389,0.08041,0.05776,0.78157,0.65077,0.09322,0.18923,0.58803,0.25692,0.02647,0.77486,0.68615,0.0178,0.16308,0.0506,-0.08923,0.77538,1
0.68317,0.66624,0.00978,0.00673,0.84803,0.843,0.01227,0.05375,0.70824,0.11598,0.00301,0.84341,0.80622,0.00202,-0.03536,0.00585,-0.12447,0.75813,1
0.5,0.35217,-0.11304,0.02609,0.38696,0.46957,0.17391,0,0.41789,0.03913,0.06522,0.4913,0.35652,0.10435,0.14783,0.04783,0.19565,0.35652,1
0.7983,-0.25516,0.72236,0.58445,0.78129,0.6932,0.42467,0.09417,-0.11925,0.56015,0.28068,0.71628,0.33354,0.20656,0.63548,0.60814,0.67861,0.65917,1
1,-0.40291,0.7987,0.74079,1,0.80365,0.44534,0.09802,-0.22839,0.60948,0.33044,0.9839,0.29452,0.25101,0.79777,0.71942,0.82193,0.74977,1
0.8941,-0.52823,0.6261,0.79523,0.87001,0.63388,0.05972,0.13425,-0.46215,0.27252,0.43388,0.78896,0.09134,0.31543,0.76261,0.76161,0.79598,0.54003,1
0.94631,-0.75321,0.82492,0.90665,0.90946,0.73678,0.26092,0.17498,-0.58563,0.52564,0.4996,0.85096,0.17959,0.33143,0.93109,0.83614,0.93429,0.59215,1
0.91767,-0.6571,0.65385,0.83558,0.8609,0.60425,0.05394,0.18198,-0.60328,0.27338,0.45747,0.72873,0.00396,0.35543,0.77853,0.81795,0.8521,0.50376,1
0.76627,-0.19962,0.07588,0.48636,0.63935,0.15,-0.27218,0.21106,-0.33942,-0.19714,0.525,0.48409,-0.27491,0.38112,0.36818,0.44545,0.42014,0.13753,1
0.5894,0.43484,0.07285,0.19868,0.8543,0.56623,0.29942,-0.60927,0.49013,0.28574,0.07285,0.81126,0.71854,0.55298,0.13907,0.12252,0.42715,0.32781,1
1,0.44141,0.05882,0.03985,0.70019,0.71157,0.1518,0.11385,0.4909,0.32448,0.09677,0.81594,0.53131,-0.12144,0.16888,0.12524,-0.03416,0.56167,1
0.84843,0.44277,-0.08453,-0.06438,0.80562,0.66725,-0.09808,0.06794,0.48659,-0.08537,-0.03299,0.77031,0.39199,-0.02299,0.01394,-0.05771,0.0453,0.59582,1
1,0.92774,-0.02591,-0.01671,0.96775,0.8798,-0.03673,0.08013,0.93772,-0.05843,-0.00722,0.96683,0.98497,-0.00482,-0.08848,-0.01436,0.01002,1,1
0.47938,0.47423,0.08247,-0.11856,0.42784,0.73196,-0.51546,-0.12371,0.53396,-0.26289,-0.39175,0.70103,0.42268,-0.12371,-0.2732,0.15979,0.06186,0.26289,1
0.6351,0.66316,0.15359,0.54965,0.7653,0.65358,0.36721,-0.04388,0.68775,0.07621,0.36028,0.61432,0.59584,0.02968,0.2194,-0.43418,0.13857,0.64203,1
0.50112,0.54607,-0.03596,0.00899,0.61124,0.58876,-0.0809,-0.03596,0.56588,-0.03596,0.01573,0.58876,0.57303,0.01348,-0.07416,-0.04719,0.02472,0.66742,1
0.71521,0.49191,0.21683,-0.01942,0.66667,0.77994,-0.05178,-0.00647,0.45105,-0.06796,-0.05178,0.63107,0.54369,-0.04207,-0.10032,0.15858,-0.04531,0.67314,1
0.68148,0.61235,0.08148,0.0963,0.77037,0.60988,-0.04691,0.1037,0.63773,0.02222,0.08148,0.65185,0.78272,0.03457,-0.10864,0.04938,-0.17531,0.79012,1
0.60678,0.58983,-0.0339,0.07797,0.67119,0.50508,0.0678,-0.02712,0.57262,-0.00339,-0.04407,0.52881,0.64068,0.04068,-0.02373,-0.02034,0.11864,0.70508,1
0.49515,0.26214,0.25728,0.00485,0.29612,0.57282,-0.01942,0.09709,0.36547,0.17476,0,0.34951,0.47087,0.05825,0.00485,0.04854,-0.1068,0.58252,1
0.98822,-0.34717,0.71284,0.66237,0.93102,0.74706,0.37465,0.02187,-0.16556,0.55805,0.35222,0.83904,0.318,0.341,0.68873,0.60179,0.70443,0.73584,1
0.97905,-0.65754,0.71676,0.84804,0.90112,0.7176,0.02968,0.1581,-0.57587,0.30796,0.48561,0.82039,0.047,0.35237,0.79749,0.83156,0.85475,0.58827,1
0.99701,-0.54615,0.35534,0.89274,0.91966,0.53312,-0.35032,0.21677,-0.66651,-0.13462,0.62415,0.76902,-0.28269,0.4703,0.61688,0.83312,0.72073,0.36774,1
0.94331,-0.75199,0.50428,0.93682,0.96132,0.56687,-0.34367,0.19959,-0.77097,-0.04399,0.56569,0.80514,-0.24742,0.40803,0.75554,0.89489,0.83939,0.41836,1
0.93972,-0.26389,-0.04284,0.82163,0.80486,0.34961,-0.71273,0.28082,-0.63237,-0.61446,0.73151,0.58167,-0.58835,0.52821,0.40368,0.89335,0.62867,0.10797,1
0.89835,0.36586,-0.47592,0.28415,0.67333,-0.03643,0.13297,0.35157,0.07158,-0.43478,0.94353,0.43898,-0.6675,0.62233,-0.06193,0.48816,0.10591,-0.22838,1
0.29073,0.00096,-0.01176,0.07907,0.23308,0.1203,-0.00647,0.10025,-0.00886,-0.0125,0.34336,0.03759,-0.06328,0.17293,0.01408,0.12767,0.04097,0.06266,1
0.58459,0.15602,-0.40977,0.14662,1,0.82519,-0.10309,-0.35526,0.56836,-0.13346,-0.00564,0.75376,0.72368,0.35338,0.04511,0.06391,-0.42669,0.50188,1
0.83609,0.18767,0.14638,0.13507,0.72171,0.23888,0.13198,0.13215,0.23641,0.16137,0.08315,0.65829,0.29352,0.06059,0.15756,0.12686,0.02922,0.43837,1
0.9408,0.77863,0.05352,0.03506,0.85738,0.76966,0.07508,0.11933,0.79058,0.09251,0.01546,0.85124,0.74838,0.01038,0.02405,0.03027,0.01943,0.84459,1
0.87111,0.75935,-0.25101,0.19964,0.79946,0.89455,0.09193,0.04326,0.85967,-0.04101,0.29292,0.99009,0.88644,0.18297,-0.00991,-0.26724,-0.04642,0.88598,1
0.74916,0.90409,0,0.10195,0.98994,0.74313,0.0275,0.02549,0.82271,-0.01073,0.12877,0.75855,0.91482,0.09792,0.02683,-0.00469,0.03756,0.95842,1
0.47337,0.31953,-0.10651,-0.03846,0.06213,0.45562,-0.00296,0.19527,0.46514,0.25148,0.01006,0.62316,0.55621,-0.18343,0.11538,0.27515,0.12426,0.56509,1
0.59887,0.53861,0.06215,-0.13748,0.69868,0.80979,-0.22034,0.14689,0.61444,-0.02072,-0.13936,0.85122,0.51412,-0.13936,-0.14313,-0.0452,-0.24482,0.50471,1
0.84713,0.72611,-0.03397,-0.18684,0.86412,0.73673,-0.24841,-0.03397,0.74115,-0.22293,0,0.81953,0.78132,-0.08493,-0.10191,-0.11677,-0.21231,0.71975,1
0.87772,0.78533,-0.27989,-0.00543,0.83424,0.77174,-0.00543,-0.08152,0.83705,-0.03261,0.04076,0.84783,0.88043,0.07337,0.03261,-0.10598,-0.20924,0.77174,1
0.74704,0.37549,-0.28656,0.0415,0.53755,0.69565,-0.01383,-0.13241,0.61847,-0.20949,0.09486,0.72727,0.63043,0.16996,-0.11858,-0.1917,-0.00395,0.66798,1
0.46785,0.53659,-0.13525,-0.03326,0.5898,0.47894,-0.04435,0.11308,0.5393,-0.02882,0.06874,0.55432,0.54545,0.00665,-0.04656,-0.16186,-0.13525,0.52993,1
0.88116,-0.30512,-0.08079,0.775,0.72125,0.38825,-0.75597,0.27475,-0.67557,-0.60858,0.63662,0.61559,-0.65114,0.42881,0.45535,0.892,0.6221,0.09831,1
0.93147,-0.1359,-0.19838,0.81018,0.79917,0.26203,-0.94823,0.29282,-0.65165,-0.85725,0.71596,0.59952,-0.73329,0.55756,0.362,0.9513,0.62385,0.04636,1
0.88241,0.25392,-0.45478,0.32558,0.73232,0.05717,-0.81686,0.30634,-0.3161,-0.86841,0.58527,0.34109,-0.81422,0.57816,-0.00775,0.71996,0.41195,-0.09238,1
0.83479,0.25164,-0.39168,0.58425,0.69256,0.21991,-0.35339,0.28993,-0.1695,-0.61488,0.68381,0.49234,-0.7035,0.47702,0.03939,0.77681,0.31291,-0.08096,1
0.9287,0.36021,-0.54069,0.6549,0.76168,0.21592,-0.6027,0.33164,-0.22323,-0.87159,0.84266,0.49305,-0.87474,0.62349,0.05595,0.8359,0.3675,-0.13956,1
0.83367,0.431,-0.53463,0.47744,0.65541,0.17293,-0.30075,0.31456,-0.0153,-0.64428,0.70677,0.34962,-0.74725,0.57671,-0.04887,0.66541,0.19492,-0.18976,1
0.98455,0.97132,-0.08914,-0.07149,0.98058,0.9872,-0.188,-0.02736,0.96653,-0.14916,-0.07635,1,0.97396,-0.04104,-0.12224,-0.07458,-0.09532,0.95278,1
0.94052,0.91991,-0.04417,-0.03887,0.9417,0.95878,-0.0742,-0.01531,0.92695,-0.07479,-0.01472,0.94994,0.95465,0.01001,-0.04711,-0.01767,-0.04064,0.94641,1
0.97032,0.85388,-0.05251,-0.00228,0.91324,0.9863,-0.21918,-0.14384,0.94043,-0.20091,-0.17123,0.96575,0.86758,-0.00228,-0.21233,-0.08447,-0.08676,0.91781,1
0.52542,0.83051,0.05085,-0.35593,0.94915,0.30508,-0.10169,-0.0339,0.67287,-0.0339,-0.16949,0.52542,0.54237,0.08475,0.0339,0.28814,0.01695,0.50847,1
0.33333,0.36924,-0.02778,0.33333,0.44444,0.41667,-0.5,-0.25,0.41543,-0.13889,0.16667,0.38889,0.55556,0.22222,-0.19444,-0.08443,0.02778,0.5,1
0.51207,-1,0.47894,1,1,0.45622,-0.65557,1,-1,-0.16713,0.80833,0.71178,-0.33081,0.5381,1,1,0.98722,0.33081,1
0.75564,-0.34131,0.02995,0.82223,0.8355,0.35225,-0.62956,0.49638,-0.70352,-0.19185,0.72063,0.54916,-0.52742,0.54301,0.67989,0.93778,0.71161,0.13469,1
0.83789,0.37093,-0.48905,0.5207,0.72113,0.1647,-0.24313,0.42904,-0.05054,-0.45911,0.78115,0.45625,-0.7847,0.58385,0.03928,0.78497,0.26529,-0.13012,1
0.93658,0.54827,-0.67464,0.58045,0.75254,0.15323,-0.44173,0.35107,-0.04578,-0.85762,0.88576,0.45571,-0.93104,0.6564,-0.06418,0.83397,0.2602,-0.21775,1
0.92436,0.69886,-0.78174,0.42314,0.71976,-0.11108,-0.13194,0.36924,0.19765,-0.70247,0.94078,0.29303,-0.94315,0.6842,0.03191,0.78766,0.09585,-0.31605,1
1,1,-0.02685,-0.06374,1,1,-0.07439,0.16195,1,0.08299,0.01373,1,1,-0.05558,0.059,-0.01731,-0.07157,1,1
0.95559,0.80634,-0.08495,-0.02542,0.86421,0.82809,-0.02039,-0.00155,0.84132,-0.01867,-0.00461,0.94982,0.95853,-0.13244,0.61739,-0.14247,-0.15518,0.92441,1
0.79378,0.31008,-0.38287,0.41471,0.64064,0.14177,-0.08036,0.29492,0.01523,-0.38059,0.68158,0.41319,-0.75436,0.52312,-0.09856,0.72328,0.16755,-0.16831,1
0.88085,0.56626,-0.68337,0.39309,0.68389,0.05832,-0.13305,0.35232,0.17041,-0.57649,0.79784,0.34816,-0.85803,0.65128,-0.24017,0.6959,0.08408,-0.29784,1
0.89589,0.83142,-0.88591,0.25133,0.66129,-0.04787,0.27926,0.39286,0.53229,-0.40656,0.90824,0.29521,-0.92282,0.71804,-0.48404,0.58511,-0.15315,-0.45725,1
1,0.53165,0.25316,-0.03797,1,0.88608,-0.02532,-0.24051,0.84637,-0.06329,-0.10127,0.87342,0.63291,-0.20253,-0.01266,0.06329,-0.36709,1,1
0.7479,0.58187,0.07577,0.05407,0.83312,0.86555,0.08891,0.0084,0.63728,0.01681,0.02469,0.82638,0.64706,0.01659,0.04202,0.04731,0.19328,0.60504,1
0.85013,0.85198,0.07697,0.05018,0.92211,0.92765,0.10698,0.01809,0.86923,0.08786,0.0218,0.92046,0.87339,0.01456,0,0.0432,0.02842,0.87597,1
1,0.99057,-0.05039,-0.03087,1,1,-0.06668,-0.01179,0.99842,-0.06304,-0.01565,1,0.99528,-0.00343,-0.03452,-0.02187,-0.03238,1,1
0.89505,0.87327,-0.01782,0.03366,0.87525,0.92871,0.02376,-0.03168,0.89002,0.00198,0.01386,0.89505,0.93663,0.05545,0.01386,-0.01584,0,0.91287,1
0.90071,1,0.0922,0.03546,1,0.84752,0.02128,0.01773,0.94305,0.02482,0.00709,0.90071,1,-0.01773,-0.03191,0.01064,-0.03191,1,1
0.39394,0.41856,-0.15152,0,0.62655,0.63636,0.24242,-0.24242,0.46362,-0.0303,0.09091,0.45455,0.56156,0.0127,0.0303,0.15152,0.04561,0.21212,1
0.86689,0.46189,-0.57679,0.41524,0.72014,0.08646,0.0182,0.3595,0.1536,-0.37088,0.83049,0.37201,-0.77019,0.66667,-0.13652,0.67577,0.09898,-0.24118,1
0.89563,0.61217,-0.73855,0.30356,0.67311,-0.04193,0.0866,0.37917,0.33531,-0.42086,0.88696,0.35916,-0.8615,0.69438,-0.34275,0.62078,-0.05365,-0.38875,1
0.90547,0.88654,-0.93788,0.15192,0.65354,-0.13342,0.46301,0.41113,0.67538,-0.28123,0.95905,0.29921,-0.93001,0.74761,-0.59379,0.55086,-0.25554,-0.52236,1
1,0.3867,-0.20443,-0.08867,0.367,-0.27586,0.7979,1,0.85471,1,0.92713,0.12993,-0.38916,0.06158,-0.82512,0.36946,-0.34236,-0.31527,1
1,0.24242,-0.42424,-0.12121,0.45455,-0.32104,0.33333,0.51515,0.72961,0.57576,0.36364,0.06061,-0.33333,0.33333,-0.84848,0,-0.48485,-0.45455,1
0.8811,1,0.05488,0.00305,0.94817,0.90244,-0.0122,0,0.89666,0.00915,-0.0122,0.93598,1,-0.02744,-0.0122,0.00915,0.02744,0.90244,1
0.82624,0.92553,0.07092,0,0.79078,0.92908,0,0.08156,0.89527,0.06738,-0.01773,0.90426,0.93262,-0.08156,-0.00709,-0.00709,0.20213,0.80142,1
0.74468,0.8171,0.05178,0.03382,0.88706,0.87234,0.07173,0.10638,0.83429,-0.03546,0.01471,0.88542,0.95745,0.00982,0.04255,0.02912,0.07801,0.7305,1
0.87578,0.80757,0.01749,0.01151,0.89951,0.86335,0.02441,0.03727,0.82111,0.08696,0.0051,0.8921,0.83851,0.00343,0.02484,0.00994,-0.06211,0.95031,1
0.97513,0.99112,0.05506,0.0373,0.98579,0.9929,0.09947,0.0071,0.9754,0.08171,0.01954,1,0.97869,0.01954,0.05684,0.03552,0.02131,0.95737,1
1,0.98564,0.02099,0.00884,1,0.99448,0.02762,0.01105,0.98033,0.01547,0.0232,1,0.97569,0.01105,0.01657,0.0232,0.00773,0.99448,1
1,1,0.07383,0.06488,1,1,0.10067,-0.01342,0.99989,0.08501,-0.00224,1,0.98881,0.01566,0.03579,0.02908,0.03356,0.97763,1
0.8842,0.54209,-0.68126,0.38778,0.67123,0.02424,0.02823,0.36724,0.26028,-0.43383,0.86399,0.39613,-0.83285,0.67382,-0.32963,0.58842,-0.00642,-0.35148,1
0.90147,0.87893,-0.94172,0.10345,0.64131,-0.20449,0.54852,0.41786,0.74105,-0.18725,0.95148,0.3044,-0.91456,0.75725,-0.65461,0.50949,-0.31412,-0.55483,1
0.32789,0.21443,-0.28916,-0.00337,0.1597,-0.25131,0.26422,0.11042,0.39599,0.05614,0.74485,0.1402,-0.23227,0.29308,-0.48886,0.24865,-0.19909,-0.16503,1
0.65845,0.20549,-0.52128,-0.28723,0.44681,-0.32027,0.74356,0.43617,0.74758,0.59071,0.85106,0.05319,-0.47032,0.74804,-0.86002,0.07111,-0.71725,-0.68253,1
0.19466,-0.16794,-0.16031,-0.30534,0.04198,-0.18321,-0.33588,0.05725,0.03913,0.26336,0.48866,-0.10557,-0.10305,0.25191,-0.17557,0.0916,-0.39695,-0.41985,1
0.98002,0.9819,0.06241,0.02338,1,0.94721,0.08616,0.00075,0.96709,0.08088,-0.00075,0.98982,0.93929,0,0.05279,0.03073,0.05713,0.977,1
0.82254,0.70058,-0.06012,-0.07399,0.80462,0.86821,0.01214,-0.07572,0.76717,-0.0763,-0.01214,0.87514,0.74798,0.00231,0.06358,0.05029,0.06705,0.72832,1
0.35346,0.32232,-0.08989,-0.07289,0.69387,0.55717,-0.083,-0.13768,0.39146,-0.10306,-0.03574,0.68195,0.42271,-0.02423,0.04992,-0.06527,-0.26409,0.61836,1
0.76046,0.66298,0.01232,0.00854,0.86335,0.79988,0.01525,0.01092,0.70886,0.00849,0.00384,0.85821,0.82777,0.00258,0.03881,0.00744,-0.06974,0.81504,1
0.66667,0.55328,0.00683,0.58743,0.97404,0.75683,0.48087,-0.01366,0.68656,0.07787,0.50137,0.4959,0.76776,0.06831,0.11339,-0.48907,0.31831,0.65164,1
0.83508,0.8666,0.06618,-0.08929,0.73739,0.90441,-0.04307,0.08298,0.83479,0.12815,-0.05567,0.84349,1,-0.14706,0.06618,0.06723,-0.02101,0.89391,1
0.95113,0.94066,0.10087,-0.01326,0.95183,0.9459,0.04712,0.00419,0.93522,0.08168,-0.0192,0.93438,0.97173,-0.02723,0.06038,0.0733,0.0014,0.9651,1
0.94701,0.92459,0.06148,-0.01461,0.93207,0.95584,-0.00577,-0.00034,0.92489,0.02242,-0.03431,0.95177,0.94837,-0.03227,0.01393,0.04688,0.02004,0.94124,1
0.90608,0.96022,-0.0232,-0.0453,0.98122,0.85746,-0.16243,-0.01657,0.89147,-0.17238,-0.03646,0.95691,0.91381,-0.01989,-0.12928,-0.01436,-0.00884,0.89724,1
0.8471,0.75747,0.04394,-0.01054,0.73638,0.88928,-0.06151,0.13533,0.81147,-0.00703,0.0826,0.87873,0.85764,-0.06151,-0.03515,-0.00351,-0.04569,0.78735,1
